,Title,Upvote_ratio,Score,Gilded,Over_18,Number_of_Comments
0,What's the most f*cked up thing you saw at a sleepover?,0.9,40112,1,True,11626
1,"[Serious] Men of Reddit, what are some questions you have regarding women's anatomy?",0.92,3696,0,False,4944
2,What cinematic death would have had the best oompa loompa song?,0.97,4213,0,False,711
3,What is a NOT fun fact?,0.85,77810,0,False,33082
4,"Apart from accent, how can you tell someone is British?",0.95,6295,0,False,6408
5,What single scene from a movie is an absolute masterpiece?,0.96,1371,0,False,2147
6,What are NSFW fun facts about you?,0.87,469,0,True,966
7,What character is written to be hated/disliked but ended up being your favorite?,0.97,1768,0,False,2235
8,"In the seconds before you die, you are allowed to know everyone who was secretly in love with you at some point. Do you want to know?",0.92,82,0,False,69
9,What was ruined cause too many people started doing it?,0.89,243,0,False,552
10,Why did you join reddit?,0.9,118,0,False,284
11,Men what’s the stupidest way you’ve hurt your nuts?,0.87,137,0,False,441
12,What are some of your anti-consumerism lifehacks?,0.93,399,0,False,354
13,Parents of twins babies. Are you 100% sure you know which twin is which?,0.94,629,0,False,271
14,What do you silently judge people for?,0.88,130,0,False,403
15,What would happen if the balls were on top of the dick instead of below the dick?,0.75,64,0,True,138
16,"What is your favorite YouTube video? Not channel, but the best single video?",0.93,31,0,False,61
17,What’s an underrated Youtube channel you want to share?,0.96,58,0,False,158
18,What kind of old person do you want to be?,0.97,45,0,False,94
19,What’s a compliment you’ve received that didn’t have to do with your appearance?,1.0,29,0,False,44
20,Think back to elementary school. Who was that kid that you still remember even though you haven't been in touch with them since you were young? What made them memorable?,0.93,279,0,False,377
21,What do you consider to be sexy for others but not you?,0.9,45,0,True,108
22,Which minor character are you unreasonably attached to?,0.87,28,0,False,54
23,The year is 2030. The first astronauts have landed on mars. They find a cave with a human skeleton in it and some words written on the wall. What do they say?,0.83,20,0,False,63
24,"People who genuinely see people, listen to them, remember what’s going on in their lives, ask and care how they are, are the shoulder to lean on...How are YOU doing?",0.9,2182,0,False,766
25,"Ex-convicts, what is the worst thing you have ever seen a guard do while in prison?",0.93,13528,0,False,2985
26,What would you do if you won the lottery?,0.96,19,0,False,38
27,Mcdonalds creates a Sad Meal. What are the menu items (and toys)?,0.82,324,0,False,471
28,What do you wish was standard etiquette?,0.9,16,0,False,24
29,If pizza can be called pie then why not call poptarts ravioli?,0.76,33,0,False,69
30,When you eat corn on the cob do you eat cobwise or counter-cobwise?,0.84,66,0,False,52
31,Do any other Europeans check Reddit every morning just to see what happened in the latest episode of last night in America?,0.94,14,0,False,7
32,"What’s the worst present you were ever given, yet had to pretend you liked?",0.93,33,0,False,77
33,What was the last straw that made you quit your job?,0.87,62,0,False,108
34,Who is your favorite superhero and why?,0.8,46,0,False,124
35,"People whose homes smell nice, what's your secret?",0.96,24,0,False,39
36,What age did you start drinking alcohol?,1.0,18,0,False,56
37,What is the most messed up thing you've seen someone do on drugs?,0.91,198,0,True,293
38,Yes sex is cool but have you ever had a friend who would wait for you while you tie your shoes if yes how did you meet them?,0.79,18,0,True,16
39,[serious] when did you realize you dodged a bullet?,0.92,154,0,False,245
40,How often do you see your mom and dad?,0.82,44,0,False,312
41,What is clearly a scam but Americans have been conditioned to believe that it is “normal”?,0.68,47,0,False,272
42,"In your personal hell, what song has Satan chosen for you?",0.9,29,0,False,147
43,What is the 'asbestos' of our generation? What do we use so casually believing to be safe when in a few decades it will turn out to be actually killing us?,0.82,23,0,False,62
44,What is a cool skill you can learn in a day?,1.0,16,0,False,23
45,What's the worst thing that has ever come out of your body?,0.88,39,0,False,103
46,Humans of Reddit: what is the universal sign of “I’m friendly”?,0.84,42,0,False,93
47,How do you tell people “go away I want to be alone” without sounding like an asshole?,0.96,18,0,False,34
48,"You are reborn as a new human being, but still have the memories of your past life. What do you do?",1.0,14,0,False,20
49,"Redditors, what is your favorite candle scent?",0.92,24,0,False,60
50,What song is your anthem?,1.0,16,0,False,31
51,What doesn't count as a personality?,0.88,287,0,False,583
52,A lot of people seem to think it’s anti-Semitic to criticise the actions of Israel. Do you agree? Why or why not?,0.93,13,0,False,34
53,What’s the most fire rap verse you’ve ever heard?,0.79,23,0,False,66
54,"Women of Reddit, what's the weirdest thing a man has wanted from you?",0.83,79,0,True,205
55,"The year is 2121 and every street corner has a ""lipo-barber"", a place where fat can be added or removed from anywhere in the body. What are some of the latest fat-sion tends?",0.79,21,0,False,19
56,What random animal fact should everyone know?,1.0,13,0,False,35
57,What is the worst thing you ever masturbated to?,0.87,17,0,True,32
58,"Straight people of Reddit: if your gay friend came up to you and said ""I know it can never happen between us but I want you to know that I think you are super hot and beautiful"". How would you react?",0.8,12,0,False,34
59,What was the best tasting water you’ve ever had?,0.96,24,0,False,70
60,Which song is impossible to make love to?,0.89,372,0,True,698
61,What's your favorite kind of cake?,1.0,13,0,False,32
62,Why Reddit is better than Facebook ?,0.74,15,0,False,56
63,Non-Americans of Reddit- what is something you thought was made up about America until you saw it for yourself?,0.9,22,0,False,45
64,What is the most awkward situation you've been in at a friends house?,1.0,15,0,False,36
65,"""Shoot for the moon. Even if you miss, you'll land among the stars.” What's a real-life example of this?",0.92,10,0,False,14
66,What do you do if you find condoms in your 17 year old’s room?,0.78,24,0,False,88
67,What single event do you think will cause WWIII if it was to happen?,1.0,20,0,False,66
68,Why do you get out of bed in the morning?,1.0,10,0,False,28
69,What movie traumatized you as a kid?,1.0,9,0,False,33
70,[Serious] How do you properly say to someone that you like them?,0.85,57,0,False,70
71,what are some websites to get lost in?,1.0,10,0,False,20
72,What’s the ultimate 90’s nostalgia?,0.92,20,0,False,55
73,What is one rule you have for yourself that you never break?,0.91,71,0,False,175
74,What is the most inappropriate music to play in the titanic when jack dies in the water and falls off the door?,0.83,67,0,False,176
75,[Serious] What do you think happens after we die?,1.0,8,0,False,22
76,What used to scare you as a child?,0.92,10,0,False,111
77,In what context you are an expert?,1.0,8,0,False,30
78,What is the best flavor of chip known to mankind?,0.87,32,0,False,121
79,How are electric vehicle batteries recycled?,0.81,9,0,True,14
80,what animal do you think has the most fun just living normally?,1.0,13,0,False,26
81,What gets worse the richer you become?,1.0,19,0,False,47
82,What is a Service you really enjoyed that is no longer available?,0.84,34,0,False,112
83,What's the most ridiculous conspiracy theory you have ever heard?,0.94,12,0,False,32
84,Why hasn't anyone tried bringing back Drive In Theaters?,0.91,9,0,False,19
85,What’s a conspiracy theory you believe that most would consider you crazy for believing?,0.93,12,0,False,69
86,Why do you like to be alive?,1.0,8,0,False,19
87,What’s the greatest mental health tip you’ve gotten?,0.97,27,0,False,61
88,"If weed is ""the devil's lettuce"", what are some of the devil's other things?",0.69,20,0,False,75
89,What do you think the aliens are waiting for to make contact with humans?,0.91,9,0,False,39
90,What’s an album or song that really “blew your mind” the first time you heard it?,1.0,17,0,False,51
91,"What would you do if you know, you are going to die tomorrow ?",0.85,9,0,False,19
92,"At what point did you suddenly decide “Fuck this, I didn’t sign up for this, these are not my people, I’m out!”?",1.0,7,0,False,14
93,"What's something that you thought was normal, but is actually really bad?",0.89,29,0,False,35
94,"What's a good US city to travel to for a person looking to hit ""reset"" on their life?",0.89,19,0,False,42
95,When and how did you became aware of Adolf Hitler?,1.0,7,0,False,20
96,Former Flat Earthers. What made you come round?,0.78,100599,4,False,9020
97,How do penguins drink?,1.0,7,0,False,25
98,"If u had a superpower, how would you use it?",0.82,7,0,False,16
99,"If you could try any fictional food, what would it be?",0.89,37,0,False,137
100,Have you ever heard people speaking about you in a different language they assumed you didn't understand? What happened?,0.9,37,0,False,39
101,What are some of the best ways to increase neuroplasticity?,0.9,7,0,False,9
102,"If swear words are bad words, what are some good words?",0.92,9,0,False,23
103,"Hey Reddit, what's better: Cup ramen or Pack ramen?",0.93,13,0,False,57
104,When was the last you jerked off?,0.9,8,0,False,22
105,Why would you say a half a dozen when you could literally just say six ?,0.85,18,0,False,28
106,What video game do you think would make for a great movie/TV show?,0.9,8,0,False,31
107,"Some people don't enjoy music, some people feel nothing for poetry or dance. Is there any media you feel nothing for, which others seem to greatly enjoy?",0.84,8,0,False,25
108,What does love feel like?,0.86,14,0,False,37
109,"students of Reddit, how has covid messed up your education?",0.87,21,0,False,38
110,What is a painfully overrated song?,0.9,17,0,False,77
111,What specifically would you buy if you won the $750 million dollar mega millions jackpot tonight? Feel free to post links?,0.82,27,0,False,94
112,What’s one thing that you absolutely LOVE about yourself?,0.92,10,0,False,29
113,"For 7 Days, Every 1 video game enemy you kill will cause of Cancer patient to defeat cancer by the end of the 7 weeks. Every 1 boss you defeat will cause ten cancer patients to defeat cancer. What game do you play to maximize the effect?",0.74,28,0,False,110
114,[Serious] What made you decide you never want to love again?,0.9,8,0,False,13
115,How did you become so beautiful?,0.88,6,0,False,21
116,"What is something that is seen as a necessity now, but will be seen as obsolete within the next 25 years?",0.92,11,0,False,33
117,What phobia is the worst and why?,1.0,6,0,False,12
118,What do you know/think about Denmark?,0.86,37,0,False,151
119,Need help. What phrase describes a person who stays in a job too long?,0.74,13,0,False,53
120,What's more impressive when it's done naked?,0.83,93,0,True,236
121,How do you make someone stop liking you without rejecting them?,0.95,14,0,False,31
122,What object would be the weirdest to use as a weapon against home invaders?,1.0,6,0,False,29
123,"Women of reddit when did you realize ""I'm a woman now""? Men of reddit when did you realize ""I'm a man now""?",0.87,17,0,False,43
124,If you could hang out with one celebrity for 24 hours. Who would that celebrity be?,0.91,8,0,False,12
125,"People who live in Australia and also have arachnophobia, how you holding up?",0.8,6,0,False,4
126,What are some of your favorite Asian dishes?,1.0,6,0,False,17
127,"What is a phrase, motto, quote, expression or standard that you live by?",1.0,5,0,False,25
128,What would you like to tell the young people?,1.0,5,0,False,14
129,What do you envy the most from the opposite sex?,1.0,5,0,True,19
130,What would be the worst “buy one get one free” sale of all time?,1.0,5,0,False,4
131,when were you “suffering from success”??,0.9,7,0,False,5
132,"If you could wish for anything right now, under a twenty dollar value, what would it be?",1.0,6,0,False,17
133,[serious] How to help SO overcome negative self image?,0.81,6,0,False,11
134,"If the Internet ever came to an end, and end credits similar to a movie's began playing, what would one of the credits songs be?",1.0,5,0,False,8
135,What is the most f*ucked up thing your teacher did in class?,0.86,5,0,False,26
136,How would it change your life if it was dark for 10 years and sunny for 10 years at a time?,0.82,20,0,False,20
137,People who make friends easily: HOW?,0.79,32,0,False,70
138,"Blind Redditors, how do you know when you’ve wiped enough after taking a dump?",1.0,5,0,False,5
139,What is a wrong fun fact about you?,1.0,5,0,False,12
140,What are some good ways to deal with bottled up emotions?,1.0,6,0,False,12
141,What are some things new homeowners should know?,0.99,8,0,False,24
142,What is your dream place to live?,1.0,5,0,False,17
143,Who is your favourite youtuber and what content does he/she make?,0.77,7,0,False,35
144,What was the cruelest thing you’ve ever witnessed humanity do with your own eyes?,0.86,5,0,True,11
145,To Non-Americans: How do you guys view America right now?,0.65,6,0,False,52
146,People who wear socks to bed why?,0.82,7,0,False,20
147,How would you feel if it turned out that the thing that happened the other day was just an orchestrated distraction so that the Declaration of Independence and its secret treasure map would be left unguarded and it could be more easily stolen ?,0.78,5,0,False,5
148,Who owns an iPod Touch?,0.85,9,0,False,47
149,What traumatized you but really isn't that scary?,0.88,13,0,False,36
150,Why are you angry?,0.85,9,0,False,28
151,If an alternate (opposite) universe exists who are you in that universe?,0.92,11,0,False,31
152,What TV quote do you have to say in the character’s voice?,0.82,20,0,False,92
153,What's the darkest shit you've ever seen?,0.88,6,0,False,26
154,What is the RIGHT way to breakup with someone?,0.85,60,0,False,112
155,What is your favorite Jolly Rancher flavor and why is it green apple?,0.58,9,0,False,36
156,What are the best Sci-fi TV shows that are scientifically inclined and accurate?,1.0,6,0,False,19
157,What are the advantages of sleeping naked ?,0.81,10,0,False,22
158,What is the most illegal thing you own?,1.0,7,0,False,19
159,What are your non-sexual fantasies?,0.91,152,0,False,449
160,What foods are totally NOT worth making at home?,0.85,50,0,False,201
161,Do people in other english speaking countries get annoyed when an american says math instead of maths?,1.0,5,0,False,15
162,"What is one line that will immediately get your favorite show, song, singer, actor, movie etc recognized?",1.0,5,0,False,9
163,"[serious] Redditors that believe in a higher power, why?",0.78,5,0,False,15
164,What do you think about being called Daddy in bed?,0.79,8,0,False,39
165,What was the worst you physically felt?,1.0,7,0,False,26
166,You just received the power of invisibility. What do you do first?,0.81,38,0,False,208
167,What is the weirdest inside joke you have with another person?,0.88,6,0,False,15
168,"People who've had their friends open up to them, what did you do?",1.0,5,0,False,5
169,What is the biggest drawback of being born as a human?,1.0,5,0,False,12
170,Who is the most universally liked person in the United States?,0.8,9,0,False,60
171,When do you decide to look at someone’s posts and comments?,1.0,6,0,False,5
172,Time Travelers / Pyschonauts / Sorcerers of Reddit that were stuck in a Time Loop: How did you get out?,1.0,5,0,False,9
173,What’s the most supernatural thing that happened to you?,1.0,5,0,False,7
174,If their was a sport called dick jousting what would it be like?,0.74,7,0,False,11
175,What is one thing you wish people could feel so they could understand you better?,0.9,14,0,False,41
176,"The song you listened to last is broadcasted to the world, what are we jamming to?",0.79,15,0,False,86
177,What’s a artist/band/group that you want recommend to people?,0.88,6,0,False,18
178,What are the worst 2 personality traits for someone to have when combined?,1.0,4,0,False,3
179,What expensive thing did you buy for a kid that they ended up not giving a sh*t about?,0.86,14,0,False,17
180,What popular joke is unfunny to you?,0.88,6,0,False,21
181,"[Serious] Women of Reddit, What are some of the questions you have regarding men’s anatomy?",1.0,4,0,False,14
182,What does a successful relationship look like to you?,1.0,8,0,False,15
183,"What movie did you watch when you were too young, which left you traumatised?",1.0,4,0,False,27
184,What is the most adorable thing a child has ever said to you?,0.93,26,0,False,45
185,What screams “I’ve never been in a trusting relationship”?,0.9,8,0,False,14
186,If you could have any animal that would love you. What animal would you pick?,0.92,9,0,False,19
187,"People that have been complete assholes in the past, but changed recently. How do you cope with the fact that you used to be a bad person?",0.96,23,0,False,32
188,Are you afraid to die? Why or why not?,0.82,16,0,False,64
189,What’s the most fucked up shit you’ve ever seen?,0.76,21,0,True,86
190,What’s a tv show you used to watch in Middle School?,1.0,4,0,False,13
191,What's something that shouldn't be normalized?,0.83,8,0,False,22
192,What are some movie sequels that surpassed its predecessor(s) in nearly every way?,0.78,5,0,False,19
193,What do you do in your spare time?,0.88,6,0,False,17
194,"Are you okay with body hair? If yes, why? If no, why?",1.0,4,0,False,11
195,"People who vaccinated, when did you do it and how are you feeling now?",0.83,4,0,False,18
196,Whats your favourite tv show you will come back to rewach ?,0.86,20,0,False,60
197,[Serious] Which celebrity death hit you the hardest?,0.79,31,0,False,149
198,"[Serious] Women of Reddit, what pain would you say is identical to period cramps?",0.86,5,0,False,9
199,What would you do if you the super power to make anyone full body orgasm by pointing a finger gun at them?,0.74,37,0,True,93
200,"Hey Reddit, What's Something Odd that Relaxes Or Calms You?",1.0,6,0,False,24
201,"What conspiracy theories throughout history, which may at one point have been considered outlandish, have now been proven to be true?",0.95,897,0,False,886
202,Who really needs to shut the fuck up?,0.9,364,0,False,844
203,How often do you eat pizza and how much do you eat in one sitting?,0.83,4,0,False,13
204,"How often the phrase ""fuck my life"" pop into your head? Does it at all?",0.77,11,0,False,30
205,What is the weirdest thing you put inside yourself?,0.83,4,0,True,59
206,"Bilinguals/multilinguals of Reddit, what language do you think in?",1.0,4,0,False,14
207,"Conventionally attractive people of reddit, what is something people misunderstand about being considered attractive?",1.0,5,0,False,27
208,"You wind up in Elizabethan England and have to convince the monarchy that you are a Soc Media influencer from the future, how do you do this?",0.78,5,0,False,7
209,What kind of alcohol that tastes good for people drinking for the first time?,1.0,4,0,False,23
210,What’s the saddest meal you’ve eaten because there was barely any food at your house?,1.0,4,0,False,13
211,Why would you want to have a secret room in your house?,0.86,27,0,False,100
212,What are you afraid of?,1.0,4,0,False,11
213,What’s your weirdest habit?,1.0,6,0,False,30
214,What's the dumbest thing you've seen your neighbors do?,0.86,5,0,False,9
215,"If you were to build a business empire with what you know today, what would you build it with?",1.0,4,0,False,2
216,What is your ugliest feature?,0.86,5,0,False,15
217,What is that one song everyone seems to love but you absolutely hate?,0.86,5,0,False,14
218,What's something you wouldn't recommend from experience?,1.0,5,0,False,9
219,Which country has a culture that focuses on humility?,1.0,4,0,False,1
220,"Which electric guitar is an all round ""good"" guitar for a beginner to buy ?",1.0,5,0,False,14
221,"If you could Dis-Invent one thing, what would it be?",0.86,25,0,False,107
222,"[Serious] What research study would you run, in any field, if funding wasn't a restriction?",1.0,10,0,False,20
223,Which commonly used pizza topping do you not like?,1.0,5,0,False,35
224,"The Simpsons had that episode where Homer had a ""Do it for her"" board with pictures of his baby Maggie. What's your ""Do it for her"" moment or thing?",0.88,16,0,False,12
225,What has gotten easier as you've gotten older?,1.0,4,0,False,14
226,"People who are currently struggling to fall asleep, what are you thinking about?",0.9,8,0,False,25
227,How did you know that you S/O was the one?,0.91,8,0,False,9
228,How would one get into cryptocurrency?,1.0,4,0,False,8
229,"You have to live in one weather condition for the rest of your life, what would you pick?",1.0,4,0,False,14
230,"Voyager is a space probe exploring deep space. It has a golden record that contains the ""story"" of humanity. From maths, science, images, humans, and much more. You are now tasked to create another golden disc that would be flown on the next Voyager space probe. What would you put in the disc?",1.0,4,0,False,5
231,When and what was the lowest point in your life?,0.86,5,0,False,25
232,"Have you ever gotten a weird feeling while watching/listening to something, and replayed it over-and-over to try and get that feeling again? If so, what was it?",1.0,6,0,False,3
233,"[Serious] Shop owners of Reddit, what is your daily routine like?",1.0,6,0,False,6
234,What’s your favorite mini series? Why?,1.0,5,0,False,8
235,What is the creepiest urban legend you have heard?,0.91,19,0,False,33
236,What minor thing ruins your whole day?,0.78,5,0,False,10
237,What sequel are you still waiting to be announced?,1.0,9,0,False,42
238,So.... how’s 2021 going so far?,1.0,4,0,False,10
239,What song lyric tugs your heartstrings?,1.0,9,0,False,22
240,"[Serious] People from outside the US, what's going on in your country?",0.92,66,0,False,116
241,What would happen if your reddit post about someone recognized you?,0.83,4,0,False,11
242,What ruined your birthday party?,0.83,4,0,False,19
243,What would you do with $2 billion?,1.0,4,0,False,16
244,What's the reason you have no hope for humans anymore?,1.0,5,0,False,18
245,What’s the best thing you’ve bought for under $100?,1.0,6,0,False,16
246,"People of Reddit; Why in bloody hell, does Makarov know you?",0.64,6,0,True,7
247,Your username is the name of a company. What do they sell?,0.86,18,0,False,119
248,"Fathers of reddit whose kid told another kid during an argument ""Well, my dad can beat up your dad!"", How was the fight?",1.0,10,0,False,7
249,"People who don't wash their hands after using the bathroom, why?",0.75,4,0,False,17
250,What's you favorite cure for a hangover?,0.8,16,0,False,60
251,"What's a word that conveys a ""large gathering""?",0.86,5,0,False,17
252,"Redditors, how tall are you?",0.75,6,0,False,59
253,How was your first kiss?,0.89,7,0,False,46
254,"Security guards who have worked at a mental hospital, was there ever a patient who escaped? If so, what happened?",0.86,5,0,False,6
255,"How do you get out of the “F everything, I’m done” mindset?",0.86,5,0,False,9
256,What is your biggest weird guilty pleasure food combination?,1.0,7,0,False,62
257,Would you raise your children the same way you were raised? Why or why not?,0.86,10,0,False,41
258,What is the worst video game you've ever played?,0.83,4,0,False,17
259,What accidental action in a video game made you feel the worst afterwards?,1.0,5,0,False,14
260,"Introverts with anxiety, what should someone who is very extroverted do and not do when talking to you for the first time?",0.87,109,0,False,136
261,Whats the stupidest thing you've ever spent your money on?,1.0,5,0,False,22
262,You’re in a 4 carriage train going 100mph. The drivers area is locked and inaccessible. In thirty seconds the train will collide with another train stopped at a station. How do you improve your chance of surviving?,1.0,5,0,False,17
263,"Come on Reddit, let’s write a song! Title: “Are you ok?”...What is the first lyric?",0.77,21,0,False,59
264,What's the best poem inspired by Chemistry?,1.0,7,0,False,4
265,What's the most ridiculous thing you've heard asked of a child?,0.92,9,0,False,25
266,What’s the biggest work scandal that you’ve witnessed?,1.0,5,0,False,8
267,What song have you had stuck in your head lately? Is it one of those supper annoying yet catchy ones?,1.0,6,0,False,21
268,"Atheists of reddit, what gives you an almost spiritual sense of awe?",0.86,5,0,False,15
269,If you could choose any historical figure dead or alive to spend lockdown with. Who would it be and why?,1.0,4,0,False,18
270,Who is your goto person?,1.0,4,0,False,3
271,Tell us where you’re from without telling us where you’re from?,0.88,18,0,False,135
272,What's the wierdest thing you've brought home after a night out?,1.0,4,0,False,13
273,"If abusing alcohol was the only way you could feel joy, how did you quit?",0.74,7,0,False,20
274,[Serious] What made you disown your own parents?,1.0,4,0,False,6
275,What’s the best piece of advice you’ve ever been given?,1.0,4,0,False,5
276,"If you started a cult, what would it be?",1.0,4,0,False,15
277,"If you could have any animal as a pet, what would it be and why?",0.9,14,0,False,64
278,"[Serious] Women of Reddit, what are some questions you have regarding men's anatomy?",0.83,4,0,False,3
279,"What is something that makes you think ""why would anyone in the right mind spend money on this""?",1.0,9,0,False,37
280,What would happen if California seceded from the USA?,0.83,4,0,False,14
281,"A self driving car runs over someone, there is an adult in the drivers seat. Who is at fault?",0.71,7,0,False,19
282,"If you were to design the first ever toilet, how would it look like?",0.89,7,0,False,15
283,[Serious] How do you have a calm debate with someone without emotions getting in the way?,1.0,4,0,False,13
284,When did you realize that you weren't immune to being fooled by misinformation online?,0.78,5,0,False,8
285,What is a stick?,0.83,4,0,False,7
286,Redditors of age 30+ what is some advice you would give to your 21yo self?,0.87,6,0,False,21
287,"You don’t like how the interviewer is looking at you, what do you say to weird them the fuck out?",1.0,8,0,False,10
288,People whose parents were sex workers or strippers how did you find out and did you care?,0.82,7,0,True,5
289,"So if clapping is just hitting yourself, which hand is hitting the other hand?",0.64,7,0,False,25
290,How do you guys get over hard times in life?,1.0,6,0,False,22
291,"If you faked your death, how would you crash your own funeral?",0.95,456,0,False,460
292,What is something non-edible that you would love to try if it were edible?,0.9,14,0,False,59
293,"Doctors of reddit, how are comatose patients autonomous bodily functions (as in urination, menstruation, saliva production, etc) dealt with?",0.83,4,0,True,5
294,What was the dumbest way you hurt yourself?,0.76,11,0,True,183
295,What movie title describes your sex life?,0.73,12,0,True,64
296,What crime would you commit if you absolutely knew you would get away with it?,0.83,12,0,False,43
297,When is it better to NOT do the right thing?,0.72,3,0,False,14
298,If you had the power to make someone have a massive crap in an instant what would you do with it?,0.81,9,0,False,27
299,What do you think will happen on the 20th?,0.91,8,0,False,21
300,What is the most stressful time in life?,0.82,12,0,False,20
301,How do you jazz up your mac'n'cheese?,0.76,8,0,False,52
302,"Latinos/Latin Americans, how/wht did Americans get the term “gringo” in Latin America?",0.67,3,0,False,9
303,What advice would you write on a lighter with wisdom?,0.84,4,0,False,7
304,"What's something you really enjoy doing, but rarely have time for?",1.0,4,0,False,10
305,"People, who was your worst classmate ever in school?",0.81,3,0,False,23
306,"Accountants, what's a significant yet easily neglected mistake made in accounting by new businesses/startups?",0.81,3,0,False,9
307,What is something that you would actually never wish on your worst enemy?,1.0,5,0,False,9
308,"What's your most favorite song, from your least favorite genre?",1.0,4,0,False,6
309,"people who have been in jail, what is the worst thing you saw or experienced in that place?",1.0,5,0,False,3
310,When has trusting a gut feeling saved you?,0.89,7,0,False,5
311,What is the saddest event in history that didn't involve death?,1.0,3,0,False,10
312,What's the weirdest subreddit you've ever came across?,0.95,18,0,True,34
313,"If you could live in one video game world forever, what game would you chose?",1.0,3,0,False,9
314,What movie traumatized you as a kid?,1.0,5,0,False,26
315,What was your first experience on the internet?,1.0,3,0,False,6
316,What video game or video game series has the best soundtrack?,0.88,6,0,False,66
317,"Who was a person you looked up to, only to find out that they were an awful being?",1.0,3,0,False,5
318,Showgirls - What the actual FUCK is up with the sex scene in Showgirls?,0.87,6,0,True,9
319,Whats your opinion of how people will act after covid?,1.0,5,0,False,12
320,"Martin Luther King Jr. said ""We all too often have socialism for the rich and rugged free market capitalism for the poor"". What are some examples of this?",0.85,57,0,False,30
321,"What is something that is considered normal, but is actually scary when you think about it?",1.0,4,0,False,10
322,"You wake up in the middle of your city, but it’s abandoned. What do you do?",1.0,4,0,False,26
323,What was the best day of your life and what did you do?,1.0,3,0,False,1
324,Are there people here who had to give up their own dreams and ambitions at a young age to take care of ill/old/underage relatives? How did life treat you?,1.0,4,0,False,1
325,Who are you vs who is the voice in your head when you have internal thoughts?,0.88,6,0,False,14
326,What is the best way to quit a job?,1.0,3,0,False,10
327,What is the most interesting moral issue of our time?,1.0,4,0,False,8
328,What are some reassuring facts?,1.0,3,0,False,9
329,"Theoretically, Mars has one type of currency. What is it called?",0.82,10,0,False,29
330,"Linguists of Reddit, how difficult is it to make a new language?",1.0,11,0,False,2
331,What kind of a women should be there in your life ?,1.0,5,0,False,11
332,What's the dumbest thought you've had today?,0.88,39,0,False,81
333,What’s the reason for pain in life?,1.0,4,0,False,14
334,What is the closest you have came to death?,0.8,3,0,False,7
335,What is the one thing you do not want to see when a barber is cutting your hair?,1.0,3,0,False,12
336,What can we do to kill off a particular bad ideology for good when education and debates failed?,0.75,4,0,False,22
337,If the US raised min wage to $15/hr what keeps companies and landlords from raising their prices/rents?,0.72,3,0,False,56
338,"Has anyone ever eloped, movie style? As in ditching a huge wedding that has both families heavily involved because of constant bickering. If so, what’s your story?",0.8,3,0,False,0
339,What are your opinions on water as a beverage?,0.8,9,0,False,25
340,Have you ever loved someone who doesn't love themself?,0.8,3,0,False,11
341,"Redditors who do not put cream in their coffee but put sugar in it, what are your official NFL playoff predictions?",1.0,5,0,False,5
342,How often do you daydream? And what do you daydream about?,0.84,4,0,False,13
343,"People of Reddit, when did you decide that your best friend wasn’t worth being friends with?",1.0,4,0,False,12
344,What are some books that every book lover should read/own?,0.84,4,0,False,23
345,"What represented the all time peak of your personal gaming existence, ie. best game you were most invested in?",1.0,5,0,False,24
346,"The year is 2069, it is nice, what are you up to?",0.67,8,0,False,51
347,What is your dream job?,0.91,62,0,False,450
348,What would you do with your last 20 minutes onboard the Titanic before it sank?,0.86,5,0,False,17
349,These last 12 months have been almost surreal to live through. What was the strangest or craziest thing you experienced in witnessed in 2020?,0.83,4,0,False,14
350,What's your best advice for a new home owner?,1.0,3,0,False,3
351,"Dear City Folk, what’s it like living in the city?",0.84,4,0,False,3
352,"What song in the world, every time you hear it, gets firmly stuck in your head for days?",0.86,5,0,False,23
353,"If you believe God is Good and Merciful, then how do you explain the existence of the 1-877-Kars 4 Kids commercial ?",0.69,5,0,False,13
354,What’s your favorite store bought cookies?,1.0,11,0,False,35
355,What’s the most you’ve lent/loaned someone that they never/haven’t paid back?,1.0,5,0,False,10
356,What is you horror pet(s) story?,1.0,4,0,False,5
357,How do you get past old and somewhat unpleasant memories?,0.81,3,0,False,11
358,"Which one do you prefer, Ketchup or Mayo?",0.75,4,0,False,22
359,What's a good hitchhikers guide to the galaxy themed present for a guys 42nd birthday?,0.86,5,0,False,16
360,If there was a time machine that let you go back in time to only observe the past and not interact what would you check out?,1.0,6,0,False,9
361,"If you were to kidnap your favorite fictional character, what would you write on the side of your van to lure them in?",0.93,12,0,True,87
362,What is the first album you ever bought?,0.87,12,0,False,47
363,"For those of you who assume the gender of Redditors, what are some things which make you assume a particular gender?",1.0,7,0,False,14
364,Where and when was your worst farting experience?,0.8,3,0,False,7
365,How can Reddit strangers help you to achieve your goals and dreams ?,0.78,5,0,False,10
366,What was it like at your first job?,1.0,3,0,False,2
367,"Women of reddit, how would your fashion sense change in a world without shoes or makeup?",0.83,4,0,False,14
368,What are some worst diseases someone can have?,0.83,4,0,False,20
369,"As a teenager, what was your awkward cringe phase?",1.0,18,0,False,29
370,"Right down to the specifics of it, what is your favorite soda drink?",1.0,7,0,False,25
371,What is the title of an Anime that made you cry?,0.81,6,0,False,30
372,"What did you do that made you stop and say, ""Oh no. I've become my mom/dad""?",0.72,3,0,False,8
373,What book do you think should be made into a movie?,0.83,4,0,False,15
374,What would be a regrettable tattoo to get and where?,1.0,6,0,False,15
375,What was a trend in your fandom that wasn’t a trend anywhere else?,0.72,3,0,False,2
376,What is your favorite quote and how has it affected your life?,0.8,6,0,False,17
377,What would you do if you found out your 10 year old was actually swapped out at birth and the kid you have been raising for 10 years belongs to some other family?,0.91,8,0,False,12
378,What's a skill you have that impresses everyone you show but is super easy to do?,0.67,3,0,False,13
379,"Men of Reddit, how annoying are morning woods and how do you get used to them?",0.84,4,0,False,10
380,What was the best handshake you've ever seen?,1.0,3,0,False,3
381,What's your go to plan when a sex scene comes on with your parents in the room?,0.83,11,0,True,21
382,What is the biggest scam you ever pulled off?,0.84,4,0,False,8
383,When did you realize your relationship was dead?,0.83,4,0,False,33
384,What are some strange or supernatural experiences that you have experienced?,0.99,7,0,False,11
385,Where are you guys from?,0.88,7,0,False,31
386,What was one of the best things ever invented and why?,1.0,7,0,False,13
387,"What is something/someone famous from the internet that you used to like, that you now feel has over stayed its welcome?",1.0,4,0,False,2
388,"Reddit, what is the worst gift you've ever received?",0.86,5,0,False,14
389,"Big breasts or small breasts, what do you like about them?",0.64,8,0,True,51
390,What are some subreddits?,1.0,3,0,False,8
391,What’s your earliest memory as a kid now that you’re an adult?,0.84,4,0,False,9
392,What’s one rule that all gamers respect?,1.0,3,0,False,12
393,whats your favorite movie alien?,1.0,4,0,False,10
394,What is the most insignificant thing you hate?,1.0,7,0,False,18
395,What is one invention you could realistically make yourself and profit off of if you were teleported back to the year 1900?,0.9,8,0,False,12
396,Have you ever wanted to go into a public place and call out a random name and see who answers?,0.9,8,0,False,9
397,When did a police officer “bend” the rules for you?,0.81,9,0,False,43
398,What is the weirdest thing a neighbour has asked from you?,1.0,7,0,False,30
399,What animal are you weirdly obsessed with and why?,1.0,8,0,False,28
400,What gender are you and do you believe in “being just friends” ?,0.6,2,0,False,28
401,What myth from MythBusters were you unsatisfied with on the results and could use more experimenting?,0.88,6,0,False,13
402,"You are talking with your male friend when he says ""if I'm in a relationship, I want to be in charge. That means I'm on top during sex, I'm in charge of the finances, I pay for all the meals, I'm player one in video games, stuff like that."" What would you say to your friend?",0.68,14,0,True,74
403,"Helen Mirren's advice to her younger self would have been to tell more people to ""fuck off"". When was a time you should have said fuck off to someone, but didn't?",0.67,3,0,False,2
404,What’s the grossest thing you ever ate while trying to be polite at someone’s table?,1.0,11,0,False,29
405,What do you rather buy in-person instead of online?,1.0,3,0,False,15
406,What/Who was a Youtuber/Channel you used to love but no longer enjoy them?,1.0,3,0,False,37
407,"Redditors, how did getting Reddit alter your life perceptions?",0.8,3,0,False,4
408,"People who actually fled from war zones, how do you find watching the movies about it made by the west?",0.89,95,0,False,28
409,What is your struggle story that nobody seems to care about but is actually impressive ?,0.83,4,0,False,13
410,"Council wants to change the name of our street because it sounds bad. What will it cost us, residents?",1.0,3,0,False,4
411,"What's the most ""Well, no shit!"" Scientific study conclusion that you've ever seen?",0.94,15660,0,False,3523
412,What if God was one of us?,0.71,3,0,False,23
413,"Dear people of Reddit, what did you last eat?",0.87,11,0,False,86
414,"If you are an alien from an advanced civilisation, how do you want your spaceship to look like?",0.8,3,0,False,7
415,Which word's spelling pisses you off the most?,0.88,24,0,False,113
416,What is the difference between living and existing? ... And what do you consider yourself to be doing right now?,0.88,6,0,False,23
417,"What's your worst ""shouldn't have said that""?",0.87,39,0,False,79
418,"Men of Reddit, what’re you going to do about your boner?",0.63,5,0,True,63
419,What’s is the backstory of any of your grandparents?,0.83,4,0,False,17
420,"People who married their high school sweet hearts, How did the relationship last so long?",0.83,4,0,False,2
421,When do you feel most like your authentic self?,0.92,9,0,False,23
422,What was worst thing that you got away with?,1.0,5,0,False,2
423,What is the most terrifying incident that you’ll never forget?,0.9,8,0,False,10
424,"Fellow Redditors, what is the nicest thing you’ve ever done for a complete stranger, purely out of the kindness of your heart?",1.0,11,0,False,22
425,For those who are insecure about their appearance before. What makes you change and happy with your appearance now?,1.0,6,0,False,20
426,"People of Gen Z, are you old enough to remember what Chuck Norris jokes were?",0.79,23,0,False,25
427,What do you think is the perfect age to have kids and why?,1.0,7,0,False,12
428,What did your Worst Houseguest Ever do to earn that title?,0.81,10,0,False,18
429,"If you could smell like something in particular, what would it be and why?",0.86,5,0,False,8
430,"[Serious] Healthcare workers of Reddit, what are some of the creepiest/unexplainable things that have happened to you while on shift?",0.75,4,0,False,5
431,What water temperature do you prefer to shower with and why?,0.92,10,0,False,26
432,If you could make/remove/change one law. What law would you make/remove/change?,0.75,4,0,False,13
433,What were some seemingly outrageous conspiracy theories that have actually been proven to be true?,1.0,3,0,False,9
434,When does hell break loose?,1.0,6,0,False,14
435,In what type of shop/place would it be weird if someone walked in and said they were ‘just browsing’?,0.89,13,0,False,36
436,What is a series of unfortunate events that happened in your life?,0.72,3,0,False,7
437,When did someone take truth or dare too far?,0.72,3,0,False,4
438,"For those of you that do Psychedelics, explain what happened and your thoughts when you experienced ego death and or loss of self?",1.0,4,0,False,4
439,[Serious] What would you want your last words to be?,1.0,6,0,False,18
440,"How is the Reddit version of you different from the ""real"" you?",1.0,3,0,False,15
441,"For those who were old enough to understand, what was living through 9/11/2001 like?",0.86,5,0,False,29
442,why are you awkward?,0.88,6,0,False,66
443,"who was your worst teacher in school, and why were they so bad?",1.0,3,0,False,10
444,What was the last dream you remember about?,0.8,3,0,False,13
445,What's your famous quote that you came up with?,0.8,6,0,False,15
446,What would you do if your favorite actor knocked on your door and said he's gonna stay for a few weeks?,0.92,19,0,False,31
447,What are some good weird questions to ask people to get to know them better?,1.0,3,0,False,18
448,What song will you NEVER get sick off?,0.9,8,0,False,45
449,What pop culture fact totally blew your mind the first time you heard it?,0.81,3,0,False,3
450,What is a weird experience you’ve had in a foreign place?,0.8,3,0,False,10
451,Hey when does the psychedelic trip stop? Or has everyone look like these talking monkeys?,0.8,3,0,False,6
452,What would you say is the difference between a picky person vs an indecisive person?,1.0,4,0,False,6
453,What is a weird experience you’ve had in a foreign place?,1.0,3,0,False,2
454,Everyone owns at least one cool shiny thing. What's yours?,0.81,6,0,False,37
455,What's the dumbest thing that you have ever fought for?,1.0,3,0,False,17
456,Is it dumb to expect your friends to ask to hang out with you when you’re the one always asking them?,1.0,6,0,False,6
457,Who was a best father figure in any and all television shows?,1.0,3,0,False,15
458,"For those of you who quit drinking soda, what are the pros and cons?",0.83,12,0,False,43
459,What is the drunkest you’ve ever been in your life?,0.82,7,0,False,29
460,"What sounds like a Dr. Phil quote, but is not actually a Dr. Phil quote?",0.92,11,0,False,11
461,What’s your pet peeve about people since lockdowns and COVID?,0.84,4,0,False,27
462,What is the most endearing thing about humans?,1.0,3,0,False,4
463,What is your advice for innocent gay virgins to find a safe and gentle dick?,0.78,5,0,True,6
464,What are your thoughts on aliens?,1.0,10,0,False,24
465,What breed of dog looks the most like a puppy as an adult?,1.0,8,0,False,13
466,What would be in Fifty Shades of Blue?,1.0,3,0,False,10
467,What song do you absolute hate that everyone else loves?,1.0,5,0,False,17
468,when is the best time to remove the Christmas tree?,0.88,13,0,False,30
469,If you could make any business and it would be very successful. What business would you make?,0.88,6,0,False,15
470,What you wish you had done when you were younger?,1.0,3,0,False,11
471,What's your comfort movie?,0.82,15,0,False,57
472,What is your biggest irrational fear?,1.0,11,0,False,19
473,What is one thing that you really like about your ex?,0.81,3,0,False,22
474,"People who remind the teacher about the homework, why?",1.0,3,0,False,15
475,"Christian of Reddit, what makes sex before marriage a sin?",1.0,3,0,True,54
476,How do you feel about fast internet being a basic human right?,0.61,4,0,False,23
477,"Redditors of Reddit, how many hours do you give yourself time in the morning after waking up from sleeping at night do you give yourself before you fulfill the days obligation?",0.67,2,0,False,6
478,You're on a strict diet and the boss announces he's buying pizza for the office. What kind of toppings do you have?,1.0,3,0,False,13
479,What country would you never visit and why?,0.89,112,0,False,472
480,What can you do as a legal adult that you could not as a minor?,0.75,4,0,False,10
481,"What is the best cake piece, why is that your reasoning?",1.0,4,0,False,7
482,What are some of the scariest diseases in history?,0.84,4,0,False,26
483,What does it feel like being you?,1.0,3,0,False,21
484,"Redditors with face tattoos, but are NOT tattoo artists, what do you do for a living?",0.81,6,0,False,15
485,"With all of the negative headlines dominating the news these days, it can be difficult to spot signs of progress. What makes you optimistic about the future?",0.81,3,0,False,6
486,What’s the first thing you dry off when u get out the shower?,0.88,6,0,False,18
487,People who work in Cyber Security: what does a day in your professional life look like?,1.0,3,0,False,1
488,"If you were an dad, how would you name your child?",1.0,4,0,False,21
489,What are your favorite ways to get your hits of dopamine?,0.78,8,0,False,20
490,"People who have an inner monologue, what are some of the unlikely scenarios you put yourself in?",1.0,3,0,False,10
491,Why do you believe you don't deserve happiness?,1.0,3,0,False,11
492,You get to make up your own religion. What are some sins that will send you straight to hell?,0.85,43,0,False,122
493,What are two positive things that can't coexist?,1.0,6,0,False,15
494,"Men of reddit, what its like to have a boner, and how do you hide one?",0.75,4,0,False,20
495,"If you were to go back in time and prevent the death of only one famous person, who would it be and why?",0.81,3,0,False,20
496,Is Dr. Dre just like a clock when he ticks and he tocks?,0.86,5,0,False,7
497,What are some good public speaking tips for doing a speech virtually?,0.85,9,0,False,13
498,What is your way of responding when someone that you don't know knocks on your door?,1.0,5,0,False,15
499,What are some common behaviors that piss you off?,0.89,15,0,False,47
500,What are the worst acts of cheating you’ve witnessed in a relationship ?,0.71,3,0,False,5
501,What’s a hobby/habit that your friend or significant other has that is only charming because they do it?,1.0,4,0,False,2
502,What are your feelings about your father?,0.91,130,0,False,387
503,If you could swap one of your body parts with an animal part what would it be and why?,0.83,4,0,False,12
504,What is your personal line between forgivable and unforgivable crimes?,1.0,3,0,False,5
505,[Serious] What is the nicest thing a random stranger has ever done for you?,1.0,4,0,False,16
506,How has COVID-19 affected war and conflict globally?,1.0,7,0,False,4
507,What lines from a song would be horrible in a book?,1.0,3,0,False,5
508,Which fast food place is the best one and why?,0.89,7,0,False,19
509,What was the biggest goof you ever made?,1.0,3,0,False,4
510,"[Serious] People of Reddit who have taken a life, did you consider yourself capable of doing so beforehand?",1.0,8,0,False,6
511,What IS a fun fact?,0.8,17,0,False,44
512,Which little thing someone did for you will you remember your whole life?,1.0,3,0,False,2
513,What was your earliest memory?,1.0,3,0,False,6
514,What is the most stupid thing you have done or said / or have heard from other / or seen others do a stupid thing?,0.91,8,0,False,8
515,What was your best (or worst) shower thought?,0.82,21,0,False,47
516,[serious] what’s the best move for when you just need to have a big cry?,1.0,6,0,False,20
517,What fictional character do you love the most?,1.0,5,0,False,14
518,What are the most offensive swearwords in your native language??,0.88,6,0,False,21
519,Where do you draw the line?,0.8,3,0,False,10
520,"What is one core value you will always, always keep with you no matter what, and why is it important to you?",1.0,3,0,False,8
521,What was the last song you were skankin’ to?,0.86,5,0,False,16
522,"Like Paul McCartney's first Hofner bass that was stolen in 1969, what are some of the rarest and most sought after artifacts that are still missing after theft?",0.8,9,0,False,7
523,Corona zombies are coming. The warehouse you’re in contains all the famous vehicles from Hollywood....What’s your escape ride?,0.84,9,0,False,49
524,"What non-trivial thing in life have you ended up saying “Wow, I was really wrong about that”?",1.0,3,0,False,1
525,How do we know Franklin the turtle was black?,0.77,5,0,False,12
526,"If you had the ability to choose to magnify only 1 of your 5 senses, which one would you choose?",0.87,12,0,False,18
527,"What is your ""...and I live to this day to tell the story"" scar?",1.0,4,0,False,4
528,"If you won 282 million dollars (post-tax), but wanted to keep it secret, and keep living normally, what would you do with the money other than investing or saving?",0.91,8,0,False,19
529,What’s the ONE THING you remember about 2020 from before COVID changed the world?,1.0,3,0,False,18
530,What has been the leading cause of death in the United States since the United States became a country?,1.0,7,0,False,37
531,What was you scariest moment during high school?,1.0,3,0,False,11
532,"Hey Reddit, what is some fresh good advice that you received lately?",0.85,8,0,False,7
533,"If you were able to cure one disease, which one would you choose and why?",0.86,28,0,False,75
534,"Men of reddit, how would you feel about having your fingers sucked on?",0.74,11,0,False,34
535,"If you were a font, which would you be?",0.86,5,0,False,25
536,People who wear masks while driving alone in your car. Why?,0.6,6,0,False,55
537,How long is it?,1.0,4,0,False,23
538,What was the moment that you say “I really need to lose weight”?,0.92,11,0,False,23
539,Why were you sent to the principals office?,0.75,4,0,True,37
540,Why do you like to be alive?,0.91,9,0,False,19
541,What game brought you a phobia?,1.0,3,0,False,9
542,"While casual sex is fun for everyone, what are your tips for those trying to make it in the competitive scene?",0.73,5,0,True,32
543,what turns you off?,0.84,9,0,False,23
544,You arrive at the job interview and notice a black couch and a camera on the tripod. What's your next move?,0.74,7,0,False,28
545,What are you drinking right now?,1.0,10,0,False,27
546,What character from a TV show/movie do you like but would probably hate if you knew them in real life?,0.9,7,0,False,15
547,What is a video that can always put a smile on your face?,1.0,10,0,False,16
548,What are some problems you want to have?,1.0,5,0,False,14
549,What apps have y’all purchased that are worth having?,0.67,2,0,False,13
550,"[Serious] What is something you're addicted to, but no one takes seriously?",0.75,4,0,False,3
551,How does one stop using Reddit?,0.67,2,0,False,11
552,What is something you did when you were a kid and still embarrassed to this day?,0.91,19,0,False,11
553,"Who were you, who are you, and who will you be?",1.0,5,0,False,15
554,What is an highly rated trash movie ?,1.0,3,0,False,13
555,"If you had a million chickens, what would you do?",1.0,3,0,False,17
556,Why do you have trust issues?,1.0,3,0,False,9
557,What childhood things did your parents say that you later came to realise were totally wrong?,1.0,3,0,False,12
558,What is your best/craziest lucid dream?,1.0,3,0,False,5
559,When you die you get a full statistics list of your life. What are some of your top stats?,0.86,10,0,False,18
560,Who do you think killed Jonbenet Ramsey?,0.7,4,0,False,22
561,Who is your musician crush?,0.88,24,0,False,85
562,Are porch lights an older generation thing? What is the purpose of having them on EVERY night?,0.77,12,0,False,25
563,Who's the most total piece of shit still alive?,0.82,7,0,False,30
564,What are some things that instantly kill your social battery?,1.0,3,0,False,14
565,"People with siblings of reddit, what was the most obvious case of blatant favoritism?",1.0,5,0,False,6
566,"People of reddit, how do you help someone with depression?",1.0,3,0,False,13
567,[Serious] What’s the most fucked up thing you’ve seen on the streets?,1.0,5,0,False,9
568,What cheap habits do rich people have?,0.63,2,0,False,11
569,whats a plot hole in a movie so deep it baffles you on how the film makers missed it?,0.67,2,0,False,2
570,"A witch curses you back in time into a major disaster, but let's you choose which one. With only your knowledge to work with, what's your plan to survive?",0.78,5,0,False,19
571,What’s something you swore you’d never do but did that ended up being one of the best decisions of your life?,0.8,3,0,False,15
572,Who would you die for?,1.0,8,0,False,25
573,what is something life-saving that people should know about?,1.0,6,0,False,10
574,"Picky eaters, what are the things you can’t stand that seem completely normal to everyone else?",0.8,3,0,False,22
575,What movie would have been better if the villain had won?,1.0,8,0,False,18
576,"Parents of highly successful kids, do you ever get jealous of how far life has taken them so far?",0.72,3,0,False,8
577,(Serious) Why do you think you know what another country is like if you’ve never been there?,1.0,4,0,False,18
578,[Serious] What made you smile today?,0.96,17,0,False,45
579,If you were on your deathbed right now what would be your last wish? [Serious],0.86,5,0,False,10
580,What did you learn from your first relationship?,0.67,2,0,False,12
581,What do you do to calm anxiety?,0.72,3,0,False,20
582,What is your favorite Mandela effect?,0.75,4,0,False,12
583,Redditors who have woken up during surgery: what was your experience?,0.87,6,0,False,7
584,"Clothe designers on reddit, why do womens clothes rarely have pockets?",1.0,3,0,False,18
585,"People who were diagnosed with terminal illness, how did you take it?",1.0,3,0,False,1
586,"How would you trick a vegan vampire, which really doesn't want to bite you, into biting you nevertheless?",1.0,2,0,False,1
587,"People who used to be extremely religious but stopped, why?",0.78,5,0,False,28
588,"Reddit, what is your irl “people of Walmart” experience?",0.81,3,0,False,11
589,"People of Reddit, what's your ""Shit I fucked up"" story?",1.0,3,0,False,3
590,what's your go to subreddit?,0.81,3,0,False,9
591,What's your dream Valentine's day like?,1.0,2,0,False,0
592,What did you do with your first ever paycheck?,0.87,16,0,False,60
593,What would be the hardest thing to do without gravity?,0.88,6,0,False,39
594,What was one of the stupidest moments in your childhood?,1.0,3,0,False,3
595,What are some of the good and the bad things/habits/life lessons you have learned from your father?,1.0,2,0,False,3
596,What do you highly recommend to unlearn as you reach your 30s and why?,0.9,7,0,False,8
597,What is your alternative dessert after they found ice cream tests positive for coronavirus in China?,0.8,3,0,False,11
598,Which relatively minor character are you unreasonably attached to?,1.0,3,0,False,5
599,What is something that the population should be more educated about?,0.75,4,0,False,15
600,What's the most messed-up thing you've ever heard of happening to a family?,1.0,5,0,False,11
601,"When you can't sleep, what tricks up your selve do you do to help you sleep?",1.0,5,0,False,35
602,What is an expensive item that is worth the cost?,1.0,6,0,False,22
603,"People that work in that place where monkeys shit out coffee beans and you collect them, how's it going?",1.0,2,0,False,2
604,What gender are you and do you believe in “being just friends” ?,0.74,4,0,False,28
605,"What’s a word you know the meaning to, but can’t explain because you just expect everyone to already know what it means?",1.0,6,0,False,11
606,People who have been on/worked with reality tv: what‘s something bizarre that goes on behind the scenes?,1.0,5,0,False,5
607,"You have won the greatest lottery, but instead of money you get to choose what Elon Musk will engrave on the moon, to be visible by everyone, what do you chose?",1.0,2,0,False,6
608,"You are able to make evolutionary changes that take millions of years, to happen overnight. What would you add or take away to design a more perfect human?",0.75,2,0,False,2
609,"People of Reddit, what was the most awkward thing you saw when entering a classroom?",1.0,2,0,False,0
610,"[SERIOUS] Former alcoholics/addicts of reddit, when did you realize it was a problem, what made you stop and how are you doing now?",0.8,3,0,False,10
611,"We all know that curiosity killed the cat, but when did it come closest to killing you?",0.83,4,0,False,10
612,What turn off made you stop having a crush on someone?,1.0,9,0,False,38
613,"If you could create your own utopia, what would you include?",0.88,6,0,True,14
614,What are some non-obvious signs that someone is not a good person?,0.67,2,0,False,11
615,If 2020 had game/movie titles what would it be called?,0.64,4,0,False,11
616,What's the worst reaction you've gotten about your penis size?,0.83,7,0,True,21
617,Why are you horny right now and what are you going to do about it?,0.7,4,0,True,40
618,"Which black and white movie, If you had to choice would best sum up earth and it's population?",0.86,5,0,False,18
619,"People with chronic medical conditions, what is some advice that you would you give to someone newly diagnosed with your condition?",0.83,4,0,False,4
620,What is an experience you had that made you rethink your life?,1.0,2,0,False,2
621,"Non-Americans of Reddit, what is the alternative name for Karens in your home country?",0.75,2,0,False,10
622,What are some food combinations that seem bad but are actually good?,1.0,2,0,False,14
623,What is the least helpfully advice?,0.75,2,0,False,10
624,When was the last time you broke someone’s heart?,1.0,2,0,False,4
625,What's an awful scene from an otherwise perfect movie?,0.87,6,0,False,4
626,"For the Redditors who have lived/are living outside of the US, as a nation how do we look in your eyes?",0.75,2,0,False,8
627,"If you could choose to do anything for a day, what would it be?",1.0,5,0,False,17
628,What’s the weirdest dream you had that significantly changed your life or the way you look at life/death ?,0.81,6,0,False,5
629,What are some laws/rules designed to “protect” us but really protect large businesses?,1.0,5,0,False,3
630,"To those who struggle with paranoia, what are ways you have found to ground yourself and find safety in your mind when triggered?",0.86,5,0,False,5
631,"You can chose any job you like but you will get paid bare minimum wage, what job would you chose?",0.82,24,0,False,63
632,"People who continue to misspell words, like ""recieve"" and ""wierd"", even after spell check tells you it's wrong, why do you do it?",0.79,13,0,False,48
633,You have 10 minutes to live. What do you do?,1.0,9,0,False,22
634,How did you earn your “certified dumbass” status?,0.92,10,0,False,14
635,"What would you do if every year all of your teeth fall out and a new set grow back, similar to a snake shedding it’s skin?",0.72,3,0,False,12
636,Have you ever accidentally met someone on Reddit that you actually knew personally? What was it like?,1.0,5,0,False,11
637,Best answer wins. Why aren’t dinosaurs in the bible?,0.63,4,0,False,66
638,What's your favorite American accent?,0.75,2,0,False,11
639,How did you consistently workout and not give up?,1.0,7,0,False,20
640,What’s the craziest thing you’ve ever witnessed?,0.86,5,0,False,10
641,What’s a scary animal encounter you’ve had?,1.0,5,0,False,26
642,"What is boring, but MUST be done?",0.83,4,0,False,20
643,"If you could replace one actor from any movie with Nicolas Cage, who would it be and why?",0.86,5,0,False,21
644,What video game have you put the most hours into?,1.0,11,0,False,54
645,How did you discover the ugly truths of your dream career field?,0.83,4,0,False,12
646,What is the most concerning thing about your body that you haven’t gotten fixed?,0.87,21,0,False,64
647,People who have a disorder; what is something that people just don't seem to understand about your disorder? (SERIOUS),0.75,2,0,False,7
648,"Ex-bullies of Reddit, what made you change your ways?",1.0,5,0,False,0
649,Whats the worst advice you could give someone?,0.75,2,0,False,15
650,"Redditors who have tried dating your boss, how did it go?",1.0,5,0,False,9
651,What movie/tv show/film broke you down emotionally?,0.8,6,0,False,21
652,"What is your favorite documentary, and why?",1.0,9,0,False,20
653,What would you do when you've been betrayed by someone you trust?,1.0,3,0,False,8
654,Serious what is a good brand of over the counter cough medicine?,0.6,1,0,False,2
655,You are assigned to make a poster that will motivate humans in the toughest times. What will you add in that poster?,1.0,2,0,False,8
656,Why do you hate pineapple on pizza?,0.57,1,0,False,17
657,Whats the most disturbing thing you've ever seen ?,1.0,7,0,False,23
658,How do you know you’ve fallen out of love with someone?,0.75,2,0,False,9
659,Why be toxic in a video game?,0.83,4,0,False,10
660,Whats is something that you hate but can't stop doing?,0.9,7,0,False,21
661,"Those who say ""what's the worst that could happen?"" or ""how bad can it be?"" What's the worst thing that happened after you said it?",1.0,8,0,False,5
662,"Vegan people of Reddit, what is your opinion on vegan food that looks like meat ?",0.67,1,0,False,2
663,"people who do autopsies, what is the scariest thing you've seen or experienced ?",0.84,4,0,False,3
664,People who work with dogs professionally: Who was the dumbest dog you've ever had the privilege to meet?,0.96,3344,0,False,973
665,What little steps can one take when young to be healthy later in life?,1.0,3,0,False,6
666,How does one fix their sleeping pattern ONCE and for FUCKING ALL?,1.0,10,0,False,15
667,What food is only good with cheese?,0.75,2,0,False,10
668,What are some things people say in movies/TV shows that people never say in real life?,1.0,3,0,False,7
669,What’s the most amazing thing the human body can do?,1.0,3,0,False,14
670,What sexual fantasy or act did you do that turned out to be overrated and why?,0.82,7,0,True,29
671,"If you won $100 million dollars tomorrow, what's the first thing you would either do or buy with it?",0.6,2,0,False,38
672,"People who have gotten one or more of their coworkers fired, what happened? What was the fallout?",1.0,2,0,False,2
673,What is the best superpower?,0.6,1,0,False,12
674,How can we let go of the obsession with a person?,0.75,2,0,False,3
675,What do you think about Barstool Sports being one of the only companies supporting small business during these lockdowns?,0.75,2,0,False,5
676,What is better than pizza?,0.78,12,0,False,85
677,What's the worst subreddit on reddit?,0.84,4,0,False,18
678,what do you love about Reddit?,0.75,2,0,False,8
679,What is something that has been ruined for you forever?,0.84,4,0,False,24
680,How much money do you need and why?,0.82,20,0,False,129
681,What are you terribly bad at?,0.99,12,0,False,43
682,"People with step-parents who now consider them as their real parents, what was the defining moment that made you change your mind?",1.0,6,0,False,1
683,[SERIOUS] What was the best ending to the best date ever?,1.0,4,0,False,3
684,How did your childhood abuse change you?,1.0,3,0,False,14
685,Who is the most famous person you personally know?,0.84,4,0,False,15
686,"People who live right at the boarder of a time zone, how does this impact day to day life?",0.8,3,0,False,4
687,You are required to become a nuisance. What do you do?,0.82,7,0,False,14
688,How do you deal with being lonely?,1.0,3,0,False,13
689,How did you come to terms with death?,1.0,3,0,False,20
690,Whats the weirdest thing a teacher has done in class?,1.0,3,0,False,7
691,"If you could have a 5-minute conversation with your future self or past self, which would you choose and why?",1.0,3,0,False,20
692,What don't you understand right now?,1.0,2,0,False,16
693,What are some good Scholarships for juniors?,1.0,3,0,False,2
694,What are your 2021 resolutions?,1.0,2,0,False,6
695,What's your favourite sub that never makes it to the front page?,1.0,3,0,False,6
696,"If Reddit got reset and all the sub-reddits you followed got cleared, which sub-reddit would you most probably forget to follow again?",1.0,2,0,False,1
697,Masochist of reddit what kind pain or humiliation do you not enjoy?,1.0,2,0,False,1
698,What country are you in right now?,1.0,2,0,False,20
699,What is your craziest family story?,1.0,3,0,False,3
700,What can you do when your girlfriend/boyfriend wants more conversation?,0.67,4,0,False,30
701,"Divorced people: when you look back on it, were the outlines of the problems that ended your marriage visible from the very beginning?",0.67,3,0,False,5
702,"Women of reddit, do you also get 'horny singles in your area' ads, if not, what are your standard adverts?",0.84,40913,1,True,4416
703,"What are the underrated sub reddits, that u know ?",0.67,2,0,False,6
704,Once facemasks are no longer mandatory in any setting should companies enact policies that those sick should wear a facemask? What are the positives and negatives?,0.75,2,0,False,13
705,how has COVID-19 changed you?,1.0,3,0,False,14
706,Who are the most influential Reddit users of 2020/2021?,0.75,2,0,False,8
707,what is your idea of a first date?,0.87,6,0,False,23
708,"people who are rude to wait staff, why are you such an asshole?",0.8,6,0,False,13
709,What is the best way to flirt with others?,0.8,3,0,False,11
710,What's the best looking flag from fiction?,1.0,4,0,False,2
711,If you got a chance to erase one memory what would you erase and why?,1.0,2,0,False,5
712,What was the worst shock video you seen online and why?,0.75,2,0,True,18
713,What is the most annoying thing about linkedin?,1.0,5,0,True,12
714,"If you could choose to live in any type of home for the rest of your life (loft, apt, house, mansion, condo, etc.) what would it be and why?",1.0,5,0,False,13
715,What is the craziest accidental text you have received? Or what is the craziest text you accidentally sent someone?,0.84,4,0,False,7
716,What question have you been waiting to be posted and how would you answer it yourself?,0.75,2,0,False,1
717,What IS a fun fact?,0.83,4,0,False,10
718,"If you could add one feature to the English Language, what would it be?",1.0,5,0,False,14
719,People of reddit what is the best pick up line you've ever heard or made up?,0.67,2,0,False,13
720,What is one thing you want to do differently in life compared to your parents?,1.0,4,0,False,19
721,What's your favorite video game series?,0.75,2,0,False,20
722,What city or location has the best architecture for a zombie or apocalypse style video game in the future if the location was 100% accurate?,1.0,3,0,False,5
723,"Is there only one universe, why or why not?",1.0,4,0,False,6
724,What reasons cause humble people to be so rare?,1.0,2,0,False,6
725,"People who succeeded in math, have you ever used it in your life?",1.0,8,0,False,18
726,"Doctors of reddit, why do our feet gets cold even if we're under the blanket? And how would you prevent that?",1.0,5,0,False,21
727,What's the weirdest thing you've witnessed at an airport?,1.0,3,0,False,12
728,If you could be one humans left nipple for a day who would it be?,0.67,3,0,False,7
729,What is the hardest or rarest achievement you’ve gotten in a video game?,1.0,4,0,False,6
730,"Which is gloomier, France or England?",1.0,3,0,False,11
731,What was your first word?,0.84,4,0,False,16
732,"Teachers of reddit, what did a kid do to make you go, ""You really weren't as smart as I thought you were.""?",1.0,2,0,False,0
733,"The Beatles were the voice of Baby Boomers, Kurt Cobain was the voice of Gen X, who is the voice of Gen Z?",0.75,2,0,False,19
734,What's the most f*cked up thing that will forever live in your head?,0.75,2,0,False,16
735,"Those who feel lonely and socially isolated and feel like they don't have anybody to talk to, how did you end up in this situation and how are you coping?",0.6,2,0,False,7
736,What’s something you can’t wait to go out of style?,1.0,4,0,False,13
737,When you hear the phrase “ missed opportunity” what’s the one thing that comes to mind?,0.85,16,0,False,29
738,Why did you cover the camera on your laptop?,1.0,2,0,False,13
739,"What's a sentence that's considered perfectly normal in a specific context, but would sound crazy anywhere else?",1.0,2,0,False,7
740,"Creatives of Reddit, how did your support system (parents, friends, loved ones, etc) react about your creative endeavors, at first, and how do they react to it now?",1.0,2,0,False,4
741,Self-taught drummers of reddit. How the hell did you do it?,1.0,2,0,False,3
742,Who is the most arrogant TV character of all time?,0.8,3,0,False,5
743,What is your favorite thing to do while drunk ?,1.0,4,0,False,19
744,What are some cool (or unsettling) facts about the universe?,1.0,4,0,False,12
745,"If porn had commercials, what would they be for?",0.72,3,0,True,16
746,If you could only listen to 1 song for the rest of your life what would it be?,1.0,3,0,False,13
747,What is a hard life lesson you wish they’d taught you in school?,1.0,3,0,False,2
748,What was the wildest dream/nightmare you had that you still remember to this day?,1.0,4,0,False,8
749,What’s the easiest skill to learn in under 10 minutes?,1.0,4,0,False,22
750,What’s something or someone you regret introducing to another person?,0.84,4,0,False,4
751,What’s the worst thing you have ever seen on the internet?,0.86,5,0,True,31
752,What do you think reddit will be like in 10 years?,0.75,2,0,False,15
753,What is the first movie you remember seeing?,0.87,27,0,False,69
754,Why comment with out voting?,0.6,2,0,False,10
755,What can't you believe hasn't been invented yet?,1.0,4,0,False,14
756,What’s a piece of useless information that actually came in handy?,1.0,2,0,False,6
757,"We always ask about not so fun facts, but what are some fun facts?",0.7,4,0,False,26
758,What's the dumbest reason you've hated someone for?,1.0,3,0,False,15
759,What piece of evidence made you think that an extraterrestrial intelligence might have visited Earth?,1.0,2,0,False,14
760,"Your best friend comes and tells you ""I'm going to have to go to prison for drug possession and distribution. I had a little cocaine and I sold some to my friend."" How often do you plan to visit them in prison? Do you plan to write to them or call them?",0.8,3,0,False,7
761,"[Serious] Those who are the minority of the country they live in (race, ethnicity etc), what discrimination and problems do you face from being a minority?",0.75,2,0,False,9
762,What do you think about Oumuamua? [Serious],1.0,3,0,False,7
763,If you could learn one instrument what would it be?,1.0,3,0,False,21
764,What books were assigned reading in middle and high school for you?,1.0,3,0,False,13
765,Whats the worst alternate game title you can think of for your favourite game?,1.0,3,0,False,10
766,What was the funniest thing you've ever heard in a game chat lobby playing a multiplayer video game?,1.0,5,0,False,6
767,How do you pronounce Chocobo? Like chocolate? Or like choke-o-bo?,0.84,4,0,False,4
768,"What can you get away with in your 20s, but not later in life?",1.0,3,0,False,7
769,"To all of the people in Reddit, what was your favorite soundtrack in a Videogame?",1.0,3,0,False,21
770,What did you do for your 18th/21st birthday?,1.0,4,0,False,19
771,"What are some moments in your life you want to turn back time and fix very, very badly?",1.0,3,0,False,22
772,What was the initial ritual you had to go through in life?,0.8,3,0,False,3
773,What is a horror movie that is genuinely scary that isn’t very old?,0.81,3,0,False,24
774,Any tips for how to forgive yourself for past mistakes?,1.0,2,0,False,6
775,When did you realize you were not the smartest one in the pack?,1.0,2,0,False,8
776,Would you give up 7 years from your life for the ability to choose how you are going to die?,0.67,2,0,False,14
777,What thought keeps you up most at night when you are trying to sleep?,1.0,5,0,False,12
778,If someone says ‘Can you believe we’re still talking about this shit?’ What is ‘this shit’ in your opinion?,0.78,5,0,True,25
779,What apps did you purchase that are well worth the money?,1.0,3,0,False,9
780,What is your opinion of Steven Stiffler from the American Pie series?,1.0,3,0,True,5
781,How does one acquire the art of not giving a fuck?,0.83,4,0,False,27
782,What’s something that took you a long time to admit to yourself?,1.0,2,0,False,10
783,If you had one more day alive what would you do?,1.0,6,0,False,18
784,Why did you “Come out” on the internet?,0.84,4,0,False,10
785,If Michael Scott was played by someone other than Steve Carell who would it be and why?,0.78,5,0,False,10
786,What was creepiest thing you saw while camping?,1.0,2,0,False,4
787,How would you describe yourself using only 3 songs?,1.0,3,0,False,10
788,What was the worst thing said to you?,0.75,2,0,False,20
789,"You can haunt someone when you die, but it can't be someone you know personally. Who do you haunt and why?",1.0,3,0,False,11
790,What are you grateful for?,1.0,6,0,False,6
791,Which fictional universe has the best food?,1.0,4,0,False,14
792,How did you meet your significant other?,0.64,3,0,False,18
793,What are your tips on being more likeable and confident?,1.0,3,0,False,8
794,How would you feel if a girl randomly asked you to cuddle?,0.62,3,0,False,30
795,What are some common spelling mistakes that really annoy you?,0.8,3,0,False,14
796,What is your favourite painting?,1.0,2,0,False,6
797,What is the most obscure kitchen utensil?,0.84,8,0,False,16
798,"If you wanted to change a climax/ending of a movie, which one it would be ?",1.0,3,0,False,5
799,What would you say to a struggling teen right now?,1.0,2,0,False,16
800,"What is a random, but also terrifying science fact that not enough people know?",1.0,2,0,False,2
801,"What's something good to eat late at night that's filling, quiet, and easily accessible?",1.0,3,0,False,22
802,What’s something you made popular in your group of friends\community?,1.0,5,0,False,7
803,What accents better UK or USA?,1.0,3,0,False,25
804,What to do when the rolaids and tums stop working as well (Acid)?,1.0,3,0,False,7
805,What is a song you can recite beat for beat from beginning to end without many mistakes?,0.72,3,0,False,15
806,"With all that is going on right now, what are some good things going on that restore faith in humanity ?",1.0,4,0,False,4
807,What was the stupidest dare you completed?,1.0,8,0,False,9
808,What life lesson from a tv show or movie has stuck with you?,1.0,2,0,False,10
809,"What made you think ""I've still got it"" ?",1.0,2,0,False,5
810,How do you tell your brain to shut up sometimes?,0.86,5,0,False,14
811,Welcome to the first international Hunger Games. Two citizens from each country are to participate. What country wins?,0.72,3,0,False,19
812,What opinion did you hold that you're proud to have changed?,1.0,2,0,False,7
813,What’s been your biggest disappointment?,1.0,3,0,False,9
814,How do you small talk?,0.75,2,0,False,15
815,What’s your most awkward moment in a parent/teacher or student/teacher conference?,1.0,4,0,False,2
816,What's the best piece of advice a friend has given you?,1.0,4,0,False,10
817,What is the weirdest position you woke up at?,1.0,3,0,False,11
818,What’s your biggest accomplishment so far?,0.9,27,0,False,45
819,What makes someone attractive?,1.0,9,0,False,25
820,"People who are Search and Rescue officers, how did you get the job, and what requirements are needed?",1.0,2,0,False,1
821,Okay so you doing your thing and then suddenly you see Quailman walk up to you. What you gonna do?,1.0,2,0,False,6
822,What’s your “5 Seconds of Fame” story? Are you still recognized today because of it?,0.8,3,0,False,4
823,Where are you now?,1.0,2,0,False,33
824,"Pilots of Reddit, what is the strangest or scariest thing you’ve experienced while in the air?",1.0,8,0,False,6
825,How did you get those SCARS?,0.8,3,0,False,35
826,"(serious) Since ""Video Killed the Radio Star"" from the old song title. What killed the Video Jockeys?",0.83,4,0,False,8
827,What show has the best intro/opening credits?,1.0,6,0,False,25
828,"[Serious] People of Reddit, what decision did you make that changed your life forever?",0.86,5,0,False,18
829,Which subreddit do you genuinely hate the most?,0.91,8,0,False,21
830,Why can you not visit the North Pole?,0.75,2,0,False,16
831,What is weirdest nickname you were given by your family?,0.8,3,0,False,21
832,What’s the oldest and most famous meme or viral video that you only recently discovered for the first time?,1.0,3,0,False,3
833,What's the most insane actual rich person behaviour that you've experienced?,1.0,4,0,False,6
834,"If you could create a reality TV show that’s like nothing we’ve seen before, what would you make?",1.0,2,0,False,14
835,[Serious] What did you give up to get where you are now?,0.83,4,0,False,21
836,What would happen if Kirby ate a Ditto?,0.82,11,0,False,16
837,"Reddit, what’s advice you wish you knew when you first started your dating life?",0.83,4,0,False,11
838,"Those who have lived through a plane crash landing, or know some one who has, what was the experience like?",1.0,6,0,False,5
839,When did your dog save you from an intruder?,1.0,6,0,False,5
840,What's the weirdest thing you've seen at school?,0.81,3,0,False,9
841,Who is your hero?,1.0,5,0,False,9
842,What's the most f**ked up thing you ever saw happen in a locker room?,0.86,5,0,True,12
843,"Who’s your favorite singer, and why?",1.0,2,0,False,14
844,"People of Reddit, what is the worst haircut you have ever had?",0.83,4,0,False,13
845,"What is the longest grudge you've held, and why?",1.0,3,0,False,6
846,What instance did you agree with your enemy?,0.75,2,0,False,4
847,Which celebrity would you want as your other BFF and why?,1.0,3,0,False,9
848,"People who have student loans, what's your plan of repaying and how much have you repaid? [Serious]",1.0,3,0,False,14
849,"What was a fucked up thing that happened to you, that you didn't realise was fucked up till years later?",1.0,4,0,False,10
850,What would you do if you permanently switched to the opposite sex?,0.79,21,0,True,93
851,What's the worst idea you have heard?,1.0,3,0,False,8
852,"If you could become the worlds greatest on an instrument, what instrument would that be?",0.9,7,0,False,19
853,Which song fills you with joy everytime you hear it?,0.87,6,0,False,23
854,"When did you realize “Oh, I’m totally getting fired.”?",1.0,6,0,False,6
855,"Creatives of Reddit, what’s the creation that you feel in your very soul? The one that everything you do is working towards?",1.0,2,0,False,1
856,"[SERIOUS] People whose parents ""went to get milk"" what did you do when they disappeared?",0.88,6,0,False,5
857,"Dear surgeons of reddit, what's the strangest thing you've removed from a patient's body?",1.0,3,0,False,1
858,What separates gamers from epic gamers?,0.56,1,0,False,11
859,What do you think will be illegal in 100 years that is perfectly legal now?,0.65,4,0,False,24
860,"Women of Reddit, what are some SFW things you say that allude to meaning something NSFW?",0.75,2,0,True,1
861,What meal is terrible as leftovers?,0.83,4,0,False,34
862,What is the most impressive hack you know about anything?,1.0,3,0,False,5
863,[Serious] How does one delete/get rid of followers on Reddit?,0.75,2,0,False,13
864,How are electric vehicle batteries recycled?,1.0,2,0,False,9
865,[Serious] How do someone survive with Asian parents?,0.63,2,0,False,15
866,Why are you unhappy? (Serious),1.0,3,0,False,28
867,What’s the meanest thing someone has said to you ?,1.0,3,0,False,4
868,What's the most annoying thing you do to yourself?,0.87,17,0,False,43
869,What's order do you dry each body part after a shower?,1.0,3,0,False,12
870,"Redditors of reddit who have already read it, what made you delete your last account?",0.63,2,0,False,7
871,"If you were sent back in time into your 5 year old self without losing any knowledge or memories, what would be your plan for that second chance at life?",0.9,7,0,False,15
872,How often do you have little hallucinations like seeing things out of the corner of your eyes or hearing your name?,1.0,3,0,False,8
873,"What would you say to your past self, 10 years ago if you could?",0.75,4,0,False,19
874,"Who's a musician that you kinda hated at first, but then changed your mind later on and kinda fell in love with?",0.8,3,0,False,13
875,What’s a movie that bombed at the box office and has negative reviews that you secretly love?,1.0,2,0,False,10
876,Your username is related to why you got arrested. What was your crime?,0.76,90,0,False,508
877,"If you can bring an invention from the present to a specific time period from the past, what would it be?",1.0,2,0,False,4
878,"People who started college in their twenties, how did you proceed and how’s it presently?",1.0,5,0,False,3
879,"Soldiers, how does having women in a unit change how the men act?",0.8,3,0,False,8
880,"People who dye their hair to hide the gray, why?",1.0,3,0,False,17
881,"Your child asks about the internet, what's the first thing you tell/show them?",0.86,5,0,False,20
882,How is 2021 treating ya?,0.72,3,0,False,19
883,"Suicide prevention hotline workers, what's your creepiest story? (Serious)",0.81,3,0,False,0
884,"All sport mascots have come to life and are eligible players, which teams are getting a win and which are taking the loss?",0.86,5,0,False,7
885,Have you ever been embarrassed by a teacher in class? If so what happened?,1.0,7,0,False,17
886,People who like exercise - why?,0.83,33,0,False,62
887,"Skinny/Thin Men of Reddit: how do you handle when told ""you’re so skinny?""",1.0,5,0,False,10
888,You are due to have a battle. The opponent? The thing in the last photo that you took. How screwed are you?,1.0,4,0,False,39
889,"What is your opinion of 2021 so far, Is it gonna be better than 2020?",0.86,5,0,False,11
890,Which fictional character feels eerily realistic?,0.75,2,0,False,6
891,What is the most creative way you got Rickrolled?,0.78,5,0,False,8
892,"What's something someone said to you that you thought was nice, but later realized wasn't?",1.0,3,0,False,0
893,[SERIOUS] How can someone be more confident?,1.0,6,0,False,14
894,What is something petty that you can't help but be jealous of?,1.0,3,0,False,10
895,When was the last time you danced?,0.67,2,0,False,36
896,when did you decide that you needed to change to get farther in life?,1.0,3,0,False,2
897,What is the best way to destress?,0.81,3,0,False,13
898,What’s your favorite Disney channel original movie?,1.0,3,0,False,6
899,What are your biggest earnings or losses in life?,1.0,3,0,False,3
900,Artists of reddit how do you earn money online? Any advice or experience to share about it?,0.72,3,0,False,1
901,"If you were given $100,000 right now, tax free, what would you do with it?",1.0,4,0,False,29
902,What’s the sexiest nationality?,0.64,3,0,False,42
903,"We often think of animals having one sound, such as meow, what sound would that be for humans and why?",0.89,7,0,False,14
904,How do you post pictures on reddit without them turning into links?,0.63,2,0,False,1
905,"[Serious] If today's military tacticians were to plan the invasion of Normandy today, how would they do it? And how would it compare to the actual invasion plan from WW2?",0.83,4,0,False,32
906,"In your opinion, where is the line between insanity and creativity and why do you think so?",1.0,3,0,False,7
907,How do you know someone is a fake friend or someone isn’t your friend?,1.0,7,0,False,7
908,What’s the most British tv show?,1.0,6,0,False,33
909,"if you could play any instrument, what song would you learn first?",0.75,2,0,False,15
910,How would you describe the USA to someone who has never heard of it?,0.67,2,0,False,18
911,"[Serious] Former extremists of Reddit, how did you come to that position, and how did you get out of it?",0.86,5,0,False,2
912,What’s a mutually accepted superstition where you work?,1.0,5,0,False,13
913,What's your favourite not well-known fact?,0.84,4,0,False,32
914,"People of Reddit, what have you realized now during quarantine that you really took for granted or hated before that you want back?",0.67,3,0,False,13
915,What toxic trait or red flag are you inexplicably attracted/drawn to?,1.0,6,0,False,9
916,What's the strangest thing you've seen happen in an airport or on a plane?,1.0,3,0,False,19
917,What are some of the downsides of moving to New Zealand from America?,0.67,2,0,False,12
918,What is the worst thing a relative ever said to you or to someone in the room?,1.0,3,0,False,6
919,"Lottery Winners of Reddit, how much did you win and how did that change your life?",1.0,4,0,False,5
920,What are some of the best working scams out there?,1.0,3,0,False,4
921,Which two subs on your list look weird/out of place next to each other?,1.0,2,0,False,0
922,What’s the strangest thing you’re allergic to?,1.0,4,0,False,13
923,"If America was created in your image, what would it look like?",1.0,3,0,False,12
924,What was that one weird kid at school known for?,0.75,4,0,False,16
925,"People of reddit, what is the most attractive thing a person of the same sex has done around or to you that made you consider/discover being homosexual?",0.71,3,0,True,7
926,When was the last time you felt like your dick was going to fall off?,0.75,2,0,False,5
927,whats the hardest question to answer?,0.8,3,0,False,16
928,What happens when a controlled demolition doesn't bring the building down all the way?,0.75,2,0,False,7
929,Where will you travel to once COVID-19 is behind us?,0.75,2,0,False,9
930,What are some good tips and tricks to getting started with Music Production in Ableton Live?,1.0,2,0,False,3
931,What is something that you appreciate a lot that people don’t realise means so much?,1.0,2,0,False,18
932,How did you achieve your fastest intentional weight loss?,1.0,2,0,False,16
933,"AskReddit, What childhood memory was fun at the time but has later been revealed to have been really disturbing?",0.81,3,0,False,2
934,Who would you challenge to duel if you could?,0.84,4,0,False,11
935,What’s one of your weirdest intrusive thoughts?,1.0,3,0,False,6
936,What were or was the weirdest dream(s) you had that you for some reason still remember?,1.0,3,0,False,5
937,"if you could go back in time and kill any person in history, who would it be and why?",1.0,6,0,False,16
938,What's better Spotify or youtube when you are listening to music?,1.0,3,0,False,15
939,Kirby just inhaled you. What power does he get?,0.68,6,0,False,35
940,What's your wierd hobby?,0.83,4,0,False,13
941,"Seattleites of Reddit, how’s life?",1.0,2,0,False,1
942,Where do you leave your shoes?,0.88,6,0,False,9
943,What do you consider the perfect nap?,1.0,5,0,False,14
944,"New Yorkers of Reddit, how’s life?",1.0,2,0,False,2
945,What is the reason behind the decrease in new serial killers?,0.83,4,0,False,28
946,"Redditors, what is your favorite Men Without Hats/ Men At Work songs?",1.0,4,0,False,8
947,"Model Makers of Reddit, what was your most expensive kit and how long did it take for you to build? How’d it turn out?",1.0,3,0,False,0
948,What is your multi-tasking gone wrong story?,1.0,2,0,False,1
949,Which famous person would look funniest as a giant smashing a city apart 'God-zilla' style?,0.87,6,0,False,23
950,What's the biggest crime against food you've seen?,1.0,5,0,False,15
951,What is one moment you shouldn't have gotten out of but did because of dumb luck or quick thinking?,1.0,3,0,False,1
952,What’s your first ever memory?,0.82,10,0,False,25
953,"We know about scary ""urban exploration gone wrong"" stories, but what about wholesome ""urban exploration gone right"" stories?",0.75,2,0,False,2
954,If you lived in the game you have the most playtime in for three years in playtime not in-game time as the protagonist and got to keep the loot what would be the results both during and after?,1.0,4,0,False,4
955,"Parents who gave their child up for adoption, what does it feel like to have your child reach out to you after the fact, as in after they have been adopted / raised by another family?",1.0,3,0,False,1
956,Is this the timeline where the infinity stones didn’t get put back?,0.73,5,0,False,8
957,What do you silently judge people for?,0.86,74,0,False,324
958,What's your favorite comeback for when someone tells you to quit an online game?,1.0,7,0,False,16
959,"What are two things that seem very unrelated at surface level, but are surprisingly super connected?",0.8,3,0,False,16
960,What Marvel dude/dudette would you be if you had to choose?,0.86,5,0,False,14
961,What concert melted your face?,0.83,4,0,False,25
962,"Adults, how has your stance on an issue changed due to you being aged?",0.86,5,0,False,13
963,"Janitors of reddit, what was the worst thing you ever had to clean up?",0.9,7,0,True,19
964,"What's your best ""fuck this shit, I'm out"" story?",0.76,4,0,False,6
965,"People who've been in the audience of a live talk show, what really happens during a commercial break?",0.75,2,0,False,5
966,What valuable lessons should we learn from history?,1.0,6,0,False,4
967,Replace the soundtrack to your favorite movie with Weird Al parodies. How does it change the movie?,0.75,2,0,False,3
968,You wake up one day to discover you have a cult of people who will do whatever you say without question. What is the first thing you do with your newfound power?,1.0,5,0,False,14
969,If you could bring one type of extinct animal back to life. What animal would want it be and why?,1.0,5,0,False,7
970,What screams “Im way richer than I look?”,0.93,775,0,False,992
971,"People who eat meat: if meat was perfectly replicated in a lab and budget friendly, would you still eat animals?",0.79,11,0,False,55
972,What sort of games/activities would Death play or do to relax from how depressing their job is?,1.0,6,0,False,3
973,What's a fun fact about yourself?,1.0,6,0,False,33
974,why do you buy /not buy apple products?,0.99,7,0,False,26
975,What’s the strangest thing you have seen in public?,0.71,3,0,False,10
976,"Any Underground songs you'd like to share that you never had a chance to, whats the story behind your discovery?",0.67,3,0,False,6
977,"Guys of Reddit who first met their girlfriends glammed out with sexy makeup and hair, how was it the first time you saw them just natural?",0.71,3,0,True,9
978,What is your proudest fap?,0.83,4,0,False,4
979,What are you planning on dreaming tonight?,0.72,3,0,False,23
980,What's the worst way you've heard your name pronounced?,0.78,12,0,False,34
981,"What language other than English are you fluent in? If none, then what language do you wish to learn?",1.0,3,0,False,11
982,What movie character nailed your personality?,0.84,4,0,False,13
983,What is the longest paper you had to write in college/ university/ highschool?,0.82,12,0,False,26
984,What would be your last meal if you were to be executed?,0.87,10,0,False,44
985,What movie did you hate that you feel everyone else enjoyed?,1.0,2,0,False,15
986,What's an important life lesson you've learnt?,0.93,24,0,False,61
987,What are some good American jokes that Europeans can't understand?,1.0,3,0,False,7
988,"Earth joins an alien union and chocolate is revealed to be an extremely deadly poison or dangerous addictive drug for every other alien species but humans, how does this affect earth and chocolate industry on earth?",0.67,3,0,False,9
989,In what situations have you wanted someone to be there for moral support?,1.0,3,0,False,6
990,"Dear people of Reddit, what do you order at Subway?",0.81,10,0,False,81
991,Women of Reddit! What the best advice for when you're on your period?,0.7,4,0,False,28
992,"You walk down the London roads, and out of nowhere, unexpectedly, someone says Hello. What will you do?",0.6,2,0,False,13
993,What would have been the equivalent of your job 100 years ago?,1.0,3,0,False,16
